Company,Title,Location,Work Modality,Job Type,PCD Status,Date,Word
Sicredi,0116 - Est√°gio N√≠vel Superior de Gest√£o de Pessoas - Porto Alegre e Regi√£o Metropolitana,Porto Alegre - RS,Presencial,Banco de Talentos,Tamb√©m p/ PcD,Publicada em: 28/08/2023,estagio
Cogna Educa√ß√£o,MONITOR ESTAGIO ,Paragominas - PA,Presencial,Efetivo,Tamb√©m p/ PcD,Publicada em: 28/08/2023,estagio
Grupo Direcional Engenharia,EST√ÅGIO EM ENGENHARIA CIVIL (CANTEIRO DE OBRAS) - S√£o Paulo- Jardim das Cerejeiras ,S√£o Paulo - SP,Presencial,Est√°gio,Tamb√©m p/ PcD,Publicada em: 28/08/2023,estagio
S√° Cavalcante,Est√°gio em Auditoria,Serra - ES,Presencial,Efetivo,,Publicada em: 28/08/2023,estagio
dtidigital,Est√°gio- Product Owner (H√≠brida) ,Belo Horiz... - MG,Presencial,Est√°gio,Tamb√©m p/ PcD,Publicada em: 28/08/2023,estagio
Vem Ser Fator,Est√°gio | Tesouraria,S√£o Paulo - SP,Presencial,Est√°gio,,Publicada em: 28/08/2023,estagio
BIOTRONIK,Est√°gio de Comunica√ß√£o & Marketing,S√£o Paulo - SP,Presencial,Est√°gio,,Publicada em: 28/08/2023,estagio
Cyrela,Est√°gio em Seguran√ßa do Trabalho - Obra,S√£o Paulo - SP,Presencial,Est√°gio,Tamb√©m p/ PcD,Publicada em: 28/08/2023,estagio
Trabalhe na Mills,Est√°gio T√©cnico,Cabo de Sa... - PE,Presencial,Est√°gio,Tamb√©m p/ PcD,Publicada em: 28/08/2023,estagio
Silimed Ind√∫stria de Implantes LTDA,Est√°gio N√≠vel T√©cnico - Engenharia,Duque de C... - RJ,Presencial,Est√°gio,Tamb√©m p/ PcD,Publicada em: 28/08/2023,estagio
Docol Metais Sanit√°rios,Est√°gio em engenharia - Manuten√ß√£o,N√£o informado,Presencial,Est√°gio,Tamb√©m p/ PcD,Publicada em: 28/08/2023,estagio
GrupoSC Distribuidora de Medicamentos,Est√°gio em Log√≠stica,An√°polis - GO,Presencial,Est√°gio,,Publicada em: 28/08/2023,estagio
Cogna Educa√ß√£o,PESSOA EST√ÅGIARIA - ENFERMAGEM ,Cuiab√° - MT,Presencial,Efetivo,Tamb√©m p/ PcD,Publicada em: 28/08/2023,estagio
Zallpy Digital,Est√°gio Administrativo/Financeiro | Presencial em Porto Alegre - RS,Porto Alegre - RS,Presencial,Est√°gio,Tamb√©m p/ PcD,Publicada em: 28/08/2023,estagio
Mobilize Financial Services,Est√°gio Controles Internos ,Curitiba - PR,Presencial,Est√°gio,Tamb√©m p/ PcD,Publicada em: 28/08/2023,estagio
Sicredi,Est√°gio - Florian√≥polis/SC (Ingleses)  ,Florian√≥polis - SC,Presencial,Est√°gio,Tamb√©m p/ PcD,Publicada em: 28/08/2023,estagio
Eurofarma,Est√°gio Documenta√ß√£o Regulat√≥ria - AR,Itapevi - SP,Presencial,Est√°gio,Tamb√©m p/ PcD,Publicada em: 28/08/2023,estagio
HPE Automotores,Est√°gio Qualidade de Fornecedores | Catal√£o/GO ,Catal√£o - GO,Presencial,Est√°gio,,Publicada em: 28/08/2023,estagio
Domino's Pizza Brasil,Estagi√°ria(o) de Qualidade - F√°brica,Itapeceric... - SP,Presencial,Est√°gio,,Publicada em: 28/08/2023,estagio
SBT,"Est√°gio em Projetos (Engenharia de Produ√ß√£o, Economia ou Administra√ß√£o)",Osasco - SP,Presencial,Est√°gio,Tamb√©m p/ PcD,Publicada em: 28/08/2023,estagio
Saint-Gobain Produtos para Constru√ß√£o,Est√°gio Administrativo,Jandira - SP,Presencial,Est√°gio,,Publicada em: 28/08/2023,estagio
Sicredi,Est√°gio nos Programas Sociais - Sede - Nova Petr√≥polis/RS,Nova Petr√≥... - RS,Presencial,Est√°gio,Tamb√©m p/ PcD,Publicada em: 28/08/2023,estagio
Grupo Direcional Engenharia,EST√ÅGIO EM ENGENHARIA CIVIL (CANTEIRO DE OBRAS) - S√£o Paulo- Votorantim ,S√£o Paulo - SP,Presencial,Est√°gio,Tamb√©m p/ PcD,Publicada em: 28/08/2023,estagio
Domino's Pizza Brasil,Estagi√°ria(o) de Gente & Gest√£o - F√°brica  ,Itapeceric... - SP,Presencial,Est√°gio,,Publicada em: 28/08/2023,estagio
V360,V360 - Comercial BDR - Est√°gio e J√∫nior,N√£o informado,Remoto,Est√°gio,Tamb√©m p/ PcD,Publicada em: 28/08/2023,estagio
SBT,Est√°gio em R√°dio e TV | Programa do Ratinho,Osasco - SP,Presencial,Est√°gio,Tamb√©m p/ PcD,Publicada em: 28/08/2023,estagio
Grupo Panvel,Est√°gio | Planejamento e Controle log√≠stico,Eldorado d... - RS,Presencial,Est√°gio,Tamb√©m p/ PcD,Publicada em: 28/08/2023,estagio
Cyrela,Est√°gio em Arquitetura/Engenharia - Qualidade | CAMPINAS,Campinas - SP,Presencial,Est√°gio,Tamb√©m p/ PcD,Publicada em: 28/08/2023,estagio
Positivo Tecnologia,Est√°gio em Designer Visual,Curitiba - PR,Presencial,Est√°gio,Tamb√©m p/ PcD,Publicada em: 28/08/2023,estagio
Venha construir o futuro com a gente!,"Est√°gio Engenharia Civil/Arquitetura - Nova Igua√ßu, RJ",Nova Igua√ßu - RJ,Presencial,Est√°gio,Tamb√©m p/ PcD,Publicada em: 28/08/2023,estagio
M√©todo 12P,Est√°gio em Recursos Humanos I Recrutamento e Sele√ß√£o,Santos - SP,Presencial,Est√°gio,,Publicada em: 28/08/2023,estagio
NSG Group,EST√ÅGIO EM ENGENHARIA- BETIM ,Betim - MG,Presencial,Est√°gio,Tamb√©m p/ PcD,Publicada em: 28/08/2023,estagio
Marcopolo S.A,EST√ÅGIO EM QUALIDADE - S√£o Mateus/ES,Sao Mateus - ES,Presencial,Est√°gio,Tamb√©m p/ PcD,Publicada em: 28/08/2023,estagio
Pecege,Est√°gio em Recrutamento e Sele√ß√£o de T.I (Tech Recruiter),Piracicaba - SP,Presencial,Est√°gio,,Publicada em: 28/08/2023,estagio
C&A Brasil,Est√°gio em Engenharia (Rio de Janeiro),N√£o informado,Presencial,Est√°gio,Tamb√©m p/ PcD,Publicada em: 28/08/2023,estagio
Grupo Positivo,ESTAGIO PSICOLOGIA,Florian√≥po... - SC,Presencial,Est√°gio,,Publicada em: 28/08/2023,estagio
Nidec Global Appliance (Brasil),Est√°gio em Estrat√©gia de Produto,Joinville - SC,Presencial,Est√°gio,Tamb√©m p/ PcD,Publicada em: 28/08/2023,estagio
Votorantim Cimentos - Futuros Talentos ,Est√°gio Minera√ß√£o ,Vidal Ramos - SC,Presencial,Est√°gio,Tamb√©m p/ PcD,Publicada em: 28/08/2023,estagio
Sicredi,0802 - Est√°gio N√≠vel Superior - Administra√ß√£o e √Åreas afins - Manaus/AM,Manaus - AM,Presencial,Est√°gio,Tamb√©m p/ PcD,Publicada em: 28/08/2023,estagio
Cielo,Estagi√°ria em Desenvolvimento de Sistemas | Vaga Afirmativa para Mulheres,Barueri - SP,Presencial,Est√°gio,Tamb√©m p/ PcD,Publicada em: 28/08/2023,estagio
IPHAC - Instituto Promover,"Est√°gio em Administra√ß√£o, Gest√£o P√∫blica ou Contabilidade - TERRACAP ",Bras√≠lia - DF,Presencial,Est√°gio,Tamb√©m p/ PcD,Publicada em: 28/08/2023,estagio
Grupo Positivo,EST√ÅGIO EDUCACIONAL,Curitiba - PR,Presencial,Est√°gio,Tamb√©m p/ PcD,Publicada em: 28/08/2023,estagio
Orthopride,Est√°gio ASB,Blumenau - SC,Presencial,Est√°gio,,Publicada em: 28/08/2023,estagio
Finnet,Est√°gio Administrativo ,S√£o Paulo - SP,Presencial,Est√°gio,,Publicada em: 28/08/2023,estagio
Venha construir o futuro com a gente!,"Est√°gio Engenharia Civil/Arquitetura - Suzano, SP",Suzano - SP,Presencial,Est√°gio,Tamb√©m p/ PcD,Publicada em: 28/08/2023,estagio
Cielo,Est√°gio em Rela√ß√µes com Investidores,Barueri - SP,Presencial,Est√°gio,,Publicada em: 28/08/2023,estagio
Villela Brasil Bank | Gest√£o de Carreiras,Est√°gio Ci√™ncias Cont√°beis - Contabilidade,Porto Alegre - RS,Presencial,Est√°gio,,Publicada em: 28/08/2023,estagio
White Martins ,Programa de Est√°gio Novos Ares White Martins 2023.2,Rio de Jan... - RJ,Presencial,Est√°gio,Tamb√©m p/ PcD,Publicada em: 28/08/2023,estagio
Evolua,Est√°gio - Gest√£o de Processos Centralizados,Francisco ... - PR,Presencial,Est√°gio,Tamb√©m p/ PcD,Publicada em: 28/08/2023,estagio
Saint-Gobain Produtos para Constru√ß√£o,üü° Quartzolit | Est√°gio Industrial,Mogi das C... - SP,Presencial,Est√°gio,,Publicada em: 28/08/2023,estagio
Oliveira & Antunes ,Est√°gio - Suporte t√©cnico - Blumenau/SC,Blumenau - SC,Presencial,Est√°gio,Tamb√©m p/ PcD,Publicada em: 28/08/2023,estagio
Grupo Direcional Engenharia,EST√ÅGIO EM REMUNERA√á√ÉO - RH,S√£o Paulo - SP,Presencial,Est√°gio,Tamb√©m p/ PcD,Publicada em: 28/08/2023,estagio
BMW Group Brasil,Est√°gio em Contabilidade ,Araquari - SC,Presencial,Est√°gio,Tamb√©m p/ PcD,Publicada em: 28/08/2023,estagio
SJCC,[SJCC] Est√°gio Primeiro Caderno ,Recife - PE,Presencial,Est√°gio,Tamb√©m p/ PcD,Publicada em: 28/08/2023,estagio
Craft Group, EST√ÅGIO PARA √ÅREA DE EVENTOS e VIAGENS ,S√£o Paulo - SP,Presencial,Est√°gio,,Publicada em: 28/08/2023,estagio
SERHUM RH,Est√°gio T√©cnico em Eletrot√©cnica (4h) - Pinheiro/MA ,Pinheiro - MA,Presencial,Est√°gio,Tamb√©m p/ PcD,Publicada em: 28/08/2023,estagio
Portobello,Pessoa Estagi√°ria Engenharia,Tijucas - SC,Presencial,Est√°gio,Tamb√©m p/ PcD,Publicada em: 28/08/2023,estagio
Inatel ,PDI - Est√°gio em Teste de Software,Santa Rita... - MG,Presencial,Est√°gio,Tamb√©m p/ PcD,Publicada em: 28/08/2023,estagio
GVC SOLU√á√ïES EM COBRAN√áA,EST√ÅGIO DE ADMINISTRA√á√ÉO,S√£o Jos√© d... - SP,Presencial,Est√°gio,,Publicada em: 28/08/2023,estagio
Votorantim Cimentos - Futuros Talentos ,Programa de Est√°gio T√©cnico em Manuten√ß√£o,Americana - SP,Presencial,Est√°gio,,Publicada em: 27/08/2023,estagio
Conex√£o Talento,Consultor Comercial Jr. (Hunter) :: Niter√≥i/RJ,Niter√≥i - RJ,Presencial,Pessoa Jur√≠dica,Tamb√©m p/ PcD,Publicada em: 28/08/2023,jr
Vagas Inmetrics,"ANALISTA DE ENGENHARIA DE AUTOMA√á√ÉO DE QA JR. (H√çBRIDO - ALPHAVILLE, CIDADE DE DEUS/SP) ",Osasco - SP,Presencial,Efetivo,Tamb√©m p/ PcD,Publicada em: 28/08/2023,jr
Spread Tecnologia,RHA3451- Pessoa  Analista de Testes Automatizados Jr,N√£o informado,Remoto,Efetivo,Tamb√©m p/ PcD,Publicada em: 28/08/2023,jr
Santillana Brasil,Analista Administrativo de Vendas Jr (NAPI),S√£o Paulo - SP,Presencial,Efetivo,Tamb√©m p/ PcD,Publicada em: 28/08/2023,jr
Stefanini Group,ANALISTA SUPORTE JR N2,Sao Paulo - SP,Presencial,Efetivo,Tamb√©m p/ PcD,Publicada em: 28/08/2023,jr
SLC Agr√≠cola,Analista Fiscal Jr.,Porto Alegre - RS,Presencial,Efetivo,Tamb√©m p/ PcD,Publicada em: 28/08/2023,jr
Confidencial,Gerente de Contas Jr - Campo Grande/MS,Campo Grande - MS,Presencial,Efetivo,Tamb√©m p/ PcD,Publicada em: 28/08/2023,jr
Expresso S√£o Miguel,Analista Suporte JR - EXPRESSO CHAPEC√ì,Chapec√≥  - SC,Presencial,Efetivo,Tamb√©m p/ PcD,Publicada em: 28/08/2023,jr
Cimed,T√©cnico Seguran√ßa do Trabalho Jr.,S√£o Sebast... - MG,Presencial,Efetivo,Tamb√©m p/ PcD,Publicada em: 28/08/2023,jr
Pontotel,Pontotel - Product Owner Jr - Remoto ,S√£o Paulo - SP,Remoto,Efetivo,Tamb√©m p/ PcD,Publicada em: 28/08/2023,jr
Grupo Massa,Analista de Sistemas Jr (Engenharia TV),Curitiba - PR,Presencial,Banco de Talentos,Tamb√©m p/ PcD,Publicada em: 28/08/2023,jr
JBS,Seara | Base Vegetal - Vendedor Jr ,Rio de Jan... - RJ,Presencial,Efetivo,,Publicada em: 28/08/2023,jr
FIDI, Auxiliar de Enfermagem Jr - Flavio Gianotti,S√£o Paulo - SP,Presencial,Efetivo,Tamb√©m p/ PcD,Publicada em: 28/08/2023,jr
Partage,Analista de Compras Jr,S√£o Paulo - SP,Presencial,Efetivo,,Publicada em: 28/08/2023,jr
POP Trade,Promotor Alimentar e Farma JR - BOTUCATU - SP (VAGA FIXA),Bauru - SP,Presencial,Efetivo,Tamb√©m p/ PcD,Publicada em: 28/08/2023,jr
Clariens Educa√ß√£o,Analista Financeiro Jr.- Contas a Receber/Cobran√ßa,S√£o Paulo - SP,Presencial,Efetivo,Tamb√©m p/ PcD,Publicada em: 28/08/2023,jr
TMOV,AUXILIAR DE ATENDIMENTO JR,Londrina - PR,Presencial,Efetivo,Tamb√©m p/ PcD,Publicada em: 28/08/2023,jr
POP Trade,Promotor Alimentar e Farma JR - FRANCO DA ROCHA - SP (VAGA FIXA),Campinas - SP,Presencial,Efetivo,Tamb√©m p/ PcD,Publicada em: 28/08/2023,jr
Grupo Moura,Pessoa Compradora Jr ,N√£o informado,Presencial,Efetivo,Tamb√©m p/ PcD,Publicada em: 28/08/2023,jr
Grupo Splice,[IND√öSTRIA - MATRIZ] Comprador Jr,Votorantim - SP,Presencial,Efetivo,Tamb√©m p/ PcD,Publicada em: 28/08/2023,jr
Santillana Brasil,Analista Administrativo de Vendas Jr,S√£o Paulo - SP,Presencial,Efetivo,Tamb√©m p/ PcD,Publicada em: 28/08/2023,jr
Santos Brasil,Pessoa Almoxarife Jr.,Guaruj√° - SP,Presencial,Efetivo,Tamb√©m p/ PcD,Publicada em: 28/08/2023,jr
Softplan,Pessoa Analista de Sistemas JR (Suporte) - Presencial Fortaleza/CE C√≥d-8292,Florian√≥polis - SC,Presencial,Efetivo,Tamb√©m p/ PcD,Publicada em: 28/08/2023,jr
Trabalhe Conosco ,Analista Suporte T√©cnico Jr,S√£o Paulo - SP,Presencial,Efetivo,Tamb√©m p/ PcD,Publicada em: 28/08/2023,jr
Embraer,ENGENHEIRO(A) DE SUPORTE AO CLIENTE (Foco em Sistemas) ‚Äì  Jr.,S√£o Jos√© d... - SP,Presencial,Efetivo,Tamb√©m p/ PcD,Publicada em: 28/08/2023,jr
Confidencial,Assistente de Atendimento JR,Salvador - BA,Presencial,Efetivo,Tamb√©m p/ PcD,Publicada em: 28/08/2023,jr
Embraer,ENGENHEIRO(A) DE DESENVOLVIMENTO DO PRODUTO EXPANDIDO (Foco em Estruturas) ‚Äì  Jr.,S√£o Jos√© d... - SP,Presencial,Efetivo,Tamb√©m p/ PcD,Publicada em: 28/08/2023,jr
Confidencial,Analista de Suporte Jr,Rio de Jan... - RJ,Presencial,Efetivo,,Publicada em: 28/08/2023,jr
Centro de Excel√™ncia Votorantim,ANALISTA DE TI JR,Curitiba - PR,Presencial,Efetivo,Tamb√©m p/ PcD,Publicada em: 28/08/2023,jr
Infracommerce,Supervisor de Atendimento Jr.,Embu das A... - SP,Presencial,Efetivo,,Publicada em: 28/08/2023,jr
LOCARE,Analista de Log√≠stica Jr,Curitiba - PR,Presencial,Efetivo,Tamb√©m p/ PcD,Publicada em: 28/08/2023,jr
PremieRpet¬Æ,Vendedor JR - Campinas/SP ,Campinas - SP,Presencial,Efetivo,Tamb√©m p/ PcD,Publicada em: 28/08/2023,jr
Usina Santa Ad√©lia,Controlador de Tr√°fego Jr - Pesagem (Safra 2023) ,Jaboticabal - SP,Presencial,Tempor√°rio,Tamb√©m p/ PcD,Publicada em: 28/08/2023,jr
Softplan,Pessoa Analista de  T.I JR (Suporte)  -C√≥d.3057  Afirmativa para pessoas com defici√™ncia ,Florian√≥polis - SC,Remoto,Efetivo,Tamb√©m p/ PcD,Publicada em: 28/08/2023,jr
Spread Tecnologia,RHA3461 - Pessoa ANALISTA DE SUPORTE JR - (Troubleshooting),N√£o informado,Remoto,Efetivo,Tamb√©m p/ PcD,Publicada em: 28/08/2023,jr
FIDI,17427 - Auxiliar de Enfermagem Jr - Candido Fontoura (Temporario),S√£o Paulo - SP,Presencial,Efetivo,Tamb√©m p/ PcD,Publicada em: 28/08/2023,jr
Spread Tecnologia,RHA3462 - Pessoa ANALISTA DE SUPORTE JR (Troubleshooting),N√£o informado,Remoto,Efetivo,Tamb√©m p/ PcD,Publicada em: 28/08/2023,jr
Spread Tecnologia,RHA3456 - Pessoa ANALISTA DE SUPORTE JR (Troubleshooting ) ,N√£o informado,Remoto,Efetivo,Tamb√©m p/ PcD,Publicada em: 28/08/2023,jr
Seven Trade,WAP - Promotor (a) de Merchandising Jr - Rio de Janeiro - Com Carro,Rio de Jan... - RJ,Presencial,Efetivo,,Publicada em: 28/08/2023,jr
P√°gina de Carreira,ANALISTA LABORATORIO JR,Porto Alegre - RS,Presencial,Efetivo,,Publicada em: 28/08/2023,jr
Confidencial,Analista Pleno - Produ√ß√£o de Conte√∫do para Marketing ,S√£o Paulo - SP,Presencial,Efetivo,Tamb√©m p/ PcD,Publicada em: 28/08/2023,pleno
Vivo Digital,Analista Suporte Pleno - UNIX,Curitiba - PR,Presencial,Efetivo,Tamb√©m p/ PcD,Publicada em: 28/08/2023,pleno
Tunts.Rocks,Analista de Qualidade de Software (QA) Pleno,Curitiba - PR,Remoto,Efetivo,Tamb√©m p/ PcD,Publicada em: 28/08/2023,pleno
Conquer Business School,Pessoa Desenvolvedora Full Stack Pleno,Curitiba - PR,Remoto,Efetivo,,Publicada em: 28/08/2023,pleno
V.tal | o futuro passa por aqui,Analista de Suprimentos Pleno,S√£o Paulo - SP,Presencial,Efetivo,Tamb√©m p/ PcD,Publicada em: 28/08/2023,pleno
Unidades V4 Company,Account Manager - Pleno | V4 Fontanella & Co.,Caxias do Sul - RS,Presencial,Pessoa Jur√≠dica,,Publicada em: 28/08/2023,pleno
Banco Bmg,Analista de Risco de Cr√©dito Pleno,S√£o Paulo - SP,Presencial,Efetivo,Tamb√©m p/ PcD,Publicada em: 28/08/2023,pleno
ICOMON,ANALISTA DE RECRUTAMENTO E SELE√á√ÉO PLENO,Pinhais - PR,Presencial,Efetivo,,Publicada em: 28/08/2023,pleno
Qualidados,T√âCNICO EM PLANEJAMENTO PLENO,Catal√£o - GO,Presencial,Efetivo,Tamb√©m p/ PcD,Publicada em: 28/08/2023,pleno
Vem Pra Vivo,Analista de Marketing Digital Pleno Dir. E-commerce | Sede Vivo Eco Berrini/SP,S√£o Paulo - SP,Presencial,Efetivo,Tamb√©m p/ PcD,Publicada em: 28/08/2023,pleno
M√¥re Talent Tech,Gerente de Projetos - Pleno | Ambev,N√£o informado,Remoto,Pessoa Jur√≠dica,Tamb√©m p/ PcD,Publicada em: 28/08/2023,pleno
SBT,Redator de Conte√∫do Pleno,Osasco - SP,Presencial,Efetivo,Tamb√©m p/ PcD,Publicada em: 28/08/2023,pleno
Framework Digital ,Desenvolvedor PHP - Pleno ,Belo Horiz... - MG,Remoto,Efetivo,Tamb√©m p/ PcD,Publicada em: 28/08/2023,pleno
Saipos | Sistema para Restaurante,Product Manager - Pleno,S√£o Leopoldo - RS,Remoto,Pessoa Jur√≠dica,,Publicada em: 28/08/2023,pleno
Construtora Tenda,T√©c. Seg. Do Trabalho Pleno,S√£o Paulo - SP,Presencial,Efetivo,,Publicada em: 28/08/2023,pleno
DOC9,Desenvolvedor PHP Pleno - 100% remoto,Porto Alegre - RS,Remoto,Efetivo,Tamb√©m p/ PcD,Publicada em: 28/08/2023,pleno
Sky.One Solutions,ANALISTA DE SUPORTE SAP PLENO,S√£o Paulo - SP,Presencial,Efetivo,,Publicada em: 28/08/2023,pleno
ALLOS,Analista de Asset Management Pleno ,S√£o Paulo - SP,Presencial,Efetivo,Tamb√©m p/ PcD,Publicada em: 28/08/2023,pleno
Clinicorp Solutions,Desenvolvedor Full Stack Pleno | Projeto X,Jaragu√° do... - SC,Presencial,Efetivo,,Publicada em: 28/08/2023,pleno
Setor Educacional,Design Gr√°fico Pleno,S√£o Paulo - SP,Presencial,Efetivo,Tamb√©m p/ PcD,Publicada em: 28/08/2023,pleno
Confitec,Desenvolvedor(a) Java Pleno,S√£o Paulo - SP,Remoto,Efetivo,Tamb√©m p/ PcD,Publicada em: 28/08/2023,pleno
CONSTRUCAP,Analista Cont√°bil Pleno ,S√£o Paulo - SP,Presencial,Efetivo,Tamb√©m p/ PcD,Publicada em: 28/08/2023,pleno
Assa√≠ Atacadista - O atacadista com mais de 47 anos de tradi√ß√£o! #VemserAssa√≠ ,Operador(a) de Loja Pleno Televendas,Rio de Jan... - RJ,Presencial,Efetivo,Tamb√©m p/ PcD,Publicada em: 28/08/2023,pleno
Open Co,Product Design Pleno [SP],S√£o Paulo - SP,Presencial,Efetivo,Tamb√©m p/ PcD,Publicada em: 28/08/2023,pleno
Riachuelo ,Estilista Pleno,Sao Paulo - SP,Presencial,Efetivo,Tamb√©m p/ PcD,Publicada em: 28/08/2023,pleno
Contabilizei Carreira Tech ,Analista de Sistemas Pleno/S√™nior ,N√£o informado,Remoto,Efetivo,Tamb√©m p/ PcD,Publicada em: 28/08/2023,pleno
Unidades V4 Company,Designer - Pleno | Marketing | V4 Oliveira Neto & Co,Cuiab√° - MT,Presencial,Pessoa Jur√≠dica,Tamb√©m p/ PcD,Publicada em: 28/08/2023,pleno
Warren Investimentos,Analista de Infra Pleno | √änfase em Projetos e Sustenta√ß√£o [Presencial | SP] ,S√£o Paulo - SP,Presencial,Efetivo,Tamb√©m p/ PcD,Publicada em: 28/08/2023,pleno
Somos a Tray,Pessoa Analista de Infraestrutura Pleno - H√≠brido,Mar√≠lia - SP,Presencial,Efetivo,Tamb√©m p/ PcD,Publicada em: 28/08/2023,pleno
DOC9,Desenvolvedor Python Pleno  - 100% remoto,Porto Alegre - RS,Remoto,Efetivo,Tamb√©m p/ PcD,Publicada em: 28/08/2023,pleno
Superl√≥gica Tecnologias ,Pessoa Desenvolvedora Frontend ReactJS - Pleno ,Campinas - SP,Remoto,Efetivo,Tamb√©m p/ PcD,Publicada em: 28/08/2023,pleno
Randoncorp,Analista de Governan√ßa de SI Pleno (Educa√ß√£o e Conscientiza√ß√£o) - TI Corporativa | Randoncorp Holding,Caxias do Sul - RS,Presencial,Efetivo,Tamb√©m p/ PcD,Publicada em: 28/08/2023,pleno
Ra√≠zen ,Analista Financeiro Pleno,S√£o Paulo - SP,Presencial,Efetivo,,Publicada em: 28/08/2023,pleno
Conficendial,Analista Financeiro Pleno,N√£o informado,Presencial,Efetivo,Tamb√©m p/ PcD,Publicada em: 28/08/2023,pleno
Ra√≠zen ,Analista de Produtos Pleno - USF (Unidade de Servi√ßos Financeiros) ,S√£o Paulo - SP,Presencial,Efetivo,,Publicada em: 28/08/2023,pleno
DM,Desenvolvimento | Desenvolvedor Full Stack Pleno,S√£o Jos√© d... - SP,Remoto,Efetivo,Tamb√©m p/ PcD,Publicada em: 28/08/2023,pleno
Monte Bravo Carreiras ,Analista Financeiro Pleno   ,S√£o Paulo - SP,Presencial,Efetivo,,Publicada em: 28/08/2023,pleno
Cobli,Assistente de Customer Success Pleno,S√£o Paulo - SP,Presencial,Efetivo,Tamb√©m p/ PcD,Publicada em: 28/08/2023,pleno
Bidese,Pessoa Analista de Compras Pleno,Curitiba - PR,Presencial,Efetivo,,Publicada em: 28/08/2023,pleno
Somos a Tray,Pessoa Programadora PHP Pleno - Remota,Mar√≠lia - SP,Remoto,Efetivo,,Publicada em: 28/08/2023,pleno
Medway,Analista de Inside Sales Pleno,S√£o Paulo - SP,Presencial,Efetivo,,Publicada em: 28/08/2023,pleno
Assa√≠ Atacadista - O atacadista com mais de 47 anos de tradi√ß√£o! #VemserAssa√≠ ,Operador(a) de Loja Pleno,Rio de Jan... - RJ,Presencial,Efetivo,Tamb√©m p/ PcD,Publicada em: 28/08/2023,pleno
Carreiras Harpia ,Analista de Suprimentos Pleno,S√£o Paulo - SP,Presencial,Efetivo,Tamb√©m p/ PcD,Publicada em: 28/08/2023,pleno
Log,ANALISTA PROJETOS COMPLEMENTARES PLENO (BH/MG),Belo Horiz... - MG,Presencial,Efetivo,,Publicada em: 28/08/2023,pleno
Spread Tecnologia,RHA3434 - Pessoa Testadora Pleno,N√£o informado,Remoto,Efetivo,Tamb√©m p/ PcD,Publicada em: 28/08/2023,pleno
Empresa confidencial do ramo de varejo,Analista de Marketing Pleno,S√£o Paulo - SP,Presencial,Efetivo,Tamb√©m p/ PcD,Publicada em: 28/08/2023,pleno
MTP M√©todos e Tecnologia ‚Äì Brasil,576 - Analista de Testes Automatizados Pleno,S√£o Paulo - SP,Presencial,Efetivo,,Publicada em: 28/08/2023,pleno
Spread Tecnologia,RHA3437 - Pessoa Testadora Pleno,N√£o informado,Remoto,Efetivo,Tamb√©m p/ PcD,Publicada em: 28/08/2023,pleno
Spread Tecnologia,RHA3436 - Pessoa Testadora Pleno,N√£o informado,Remoto,Efetivo,Tamb√©m p/ PcD,Publicada em: 28/08/2023,pleno
Spread Tecnologia,RHA3435 - Pessoa Testadora Pleno,N√£o informado,Remoto,Efetivo,Tamb√©m p/ PcD,Publicada em: 28/08/2023,pleno
CNA Idiomas ,Analista de Seguran√ßa da Informa√ß√£o - S√™nior,S√£o Paulo - SP,Remoto,Efetivo,Tamb√©m p/ PcD,Publicada em: 28/08/2023,senior
Clinicorp Solutions,DevSecOps Senior,Jaragu√° do... - SC,Presencial,Efetivo,Tamb√©m p/ PcD,Publicada em: 28/08/2023,senior
Vetta Tecnologia,Consultor SAP HCM S√™nior,Belo Horiz... - MG,Remoto,Efetivo,Tamb√©m p/ PcD,Publicada em: 28/08/2023,senior
Tunts.Rocks,Senior Data Engineer / Analytics Engineer,N√£o informado,Remoto,Efetivo,Tamb√©m p/ PcD,Publicada em: 28/08/2023,senior
Port√°bilis,Product Designer Senior,I√ßara - SC,Remoto,Efetivo,Tamb√©m p/ PcD,Publicada em: 28/08/2023,senior
Justo,Gerente Comercial S√™nior (E-Commerce),S√£o Paulo - SP,Presencial,Efetivo,Tamb√©m p/ PcD,Publicada em: 28/08/2023,senior
Light,Analista Comercial Senior,Rio de Jan... - RJ,Presencial,Efetivo,Tamb√©m p/ PcD,Publicada em: 28/08/2023,senior
Novas oportunidades na Onfly!,Back-end S√™nior | PHP Laravel (H√≠brido - BH) ,Belo Horiz... - MG,Presencial,Efetivo,,Publicada em: 28/08/2023,senior
Cadastra ,Engenheiro de Dados DataOps - S√™nior ,S√£o Paulo - SP,Remoto,Efetivo,Tamb√©m p/ PcD,Publicada em: 28/08/2023,senior
Aramis,Analista de Contabilidade S√™nior ,S√£o Paulo - SP,Presencial,Efetivo,Tamb√©m p/ PcD,Publicada em: 28/08/2023,senior
idlogistics, Comprador(a) S√™nior ‚Äì Facilities e benef√≠cios ,Jundia√≠ - SP,Presencial,Efetivo,Tamb√©m p/ PcD,Publicada em: 28/08/2023,senior
dtidigital,Desenvolvimento de Software Python- S√™nior (Vaga Remota),Belo Horiz... - MG,Remoto,Efetivo,Tamb√©m p/ PcD,Publicada em: 28/08/2023,senior
STEFANINI LATAM,Desarrollador de sofware senior BI ,N√£o informado,Remoto,Efetivo,Tamb√©m p/ PcD,Publicada em: 28/08/2023,senior
DM,Desenvolvimento | Desenvolvedor Flutter S√™nior,S√£o Jos√© d... - SP,Remoto,Efetivo,Tamb√©m p/ PcD,Publicada em: 28/08/2023,senior
SIMPAR,ANALISTA DE TESOURARIA S√äNIOR,Mogi das C... - SP,Presencial,Efetivo,Tamb√©m p/ PcD,Publicada em: 28/08/2023,senior
"Somos a upLexis, Lar dos upLovers!",Executivo de Contas S√™nior,Barueri - SP,Remoto,Pessoa Jur√≠dica,,Publicada em: 28/08/2023,senior
ISA CTEEP,Analista S√™nior Compras Diretas (Obras Linhas de Transmiss√£o e Subesta√ß√£o),S√£o Paulo - SP,Presencial,Efetivo,Tamb√©m p/ PcD,Publicada em: 28/08/2023,senior
Leega Consultoria,MLOps Cloud S√™nior (Engenharia) ,S√£o Paulo - SP,Remoto,Efetivo,,Publicada em: 28/08/2023,senior
Vem pra Kobe!,Pessoa Desenvolvedora Back-End (S√™nior),Porto Alegre - RS,Remoto,Efetivo,Tamb√©m p/ PcD,Publicada em: 28/08/2023,senior
Contabilizei Carreira Tech ,Analista de Sistemas Pleno/S√™nior ,N√£o informado,Remoto,Efetivo,Tamb√©m p/ PcD,Publicada em: 28/08/2023,senior
BrandMonitor,Desenvolvedor S√™nior React / GoLang,N√£o informado,Remoto,Pessoa Jur√≠dica,,Publicada em: 28/08/2023,senior
Atlantic Nickel,T√©cnico de Seguran√ßa do Trabalho S√™nior,Itagib√° - BA,Presencial,Efetivo,Tamb√©m p/ PcD,Publicada em: 28/08/2023,senior
Construtora e Incorporadora Pride,Analista de PCP S√™nior,Londrina - PR,Presencial,Pessoa Jur√≠dica,Tamb√©m p/ PcD,Publicada em: 28/08/2023,senior
EZTEC Carreiras,ANALISTA DE PROJETOS SENIOR - RESIDENCIAL,S√£o Paulo - SP,Presencial,Efetivo,,Publicada em: 28/08/2023,senior
Modular Data Centers,Analista de Projetos S√™nior | Engenharia de Produto,Santana de... - SP,Presencial,Efetivo,Tamb√©m p/ PcD,Publicada em: 28/08/2023,senior
Oi,Analista de Arquitetura de Solu√ß√µes S√™nior,S√£o Paulo - SP,Remoto,Efetivo,Tamb√©m p/ PcD,Publicada em: 28/08/2023,senior
Leega Consultoria,Analista Funcional - S√™nior,S√£o Paulo - SP,Remoto,Pessoa Jur√≠dica,,Publicada em: 28/08/2023,senior
Carreiras 3A Mining ,Coordenador de Manuten√ß√£o El√©trica ‚Äì S√™nior,Corumb√° - MS,Presencial,Efetivo,Tamb√©m p/ PcD,Publicada em: 28/08/2023,senior
Musa Tecnologia ,Lead Strategy & FP&A S√™nior - Vaga Afirmativa - Pessoas Pretas e Pardas ,S√£o Paulo - SP,Presencial,Efetivo,Tamb√©m p/ PcD,Publicada em: 28/08/2023,senior
Lyncas,Desenvolvedor(a) Ruby on Rails S√™nior,Jaragu√° do... - SC,Remoto,Efetivo,,Publicada em: 28/08/2023,senior
Datum TI,Pessoa Desenvolvedora Backend S√™nior,Porto Alegre - RS,Remoto,Efetivo,Tamb√©m p/ PcD,Publicada em: 28/08/2023,senior
Unidades V4 Company,Gestor de Tr√°fego - Senior        | V4 Sodr√© Barros & CO,S√£o Paulo - SP,Presencial,Pessoa Jur√≠dica,Tamb√©m p/ PcD,Publicada em: 28/08/2023,senior
Construtora e Incorporadora Pride,Analista de Cobran√ßa S√™nior,Curitiba - PR,Presencial,Efetivo,Tamb√©m p/ PcD,Publicada em: 28/08/2023,senior
Carreiras Decathlon,Analista de Planejamento Financeiro S√™nior,S√£o Paulo - SP,Presencial,Efetivo,Tamb√©m p/ PcD,Publicada em: 28/08/2023,senior
Positivo Tecnologia,Analista de Produto S√™nior,Curitiba - PR,Presencial,Efetivo,Tamb√©m p/ PcD,Publicada em: 28/08/2023,senior
Unidades V4 Company,Gestor de Tr√°fego - Senior| V4 + Mundim & Co,Palho√ßa - SC,Remoto,Pessoa Jur√≠dica,Tamb√©m p/ PcD,Publicada em: 28/08/2023,senior
Pluxee Brasil,Analista de Seguran√ßa da Informa√ß√£o S√™nior (GRC),S√£o Paulo - SP,Presencial,Efetivo,Tamb√©m p/ PcD,Publicada em: 28/08/2023,senior
Quality Digital,5341219 -  PESSOA DESENVOLVEDORA JAVA BACK-END S√äNIOR,Barueri - SP,Remoto,Tempor√°rio,Tamb√©m p/ PcD,Publicada em: 28/08/2023,senior
Projel Engenharia Especializada Ltda,Engenheiro de Produ√ß√£o S√™nior ,Oriximin√° - PA,Presencial,Pessoa Jur√≠dica,,Publicada em: 28/08/2023,senior
NAUS Recrutamento e Consultoria,Advogado(a) S√™nior de Ambiental e Sustentabilidade | Escrit√≥rio Boutique (Campinas),Campinas - SP,Presencial,Associado,,Publicada em: 28/08/2023,senior
